<?xml version="1.0" encoding="UTF-8"?>
<project-private xmlns="http://www.netbeans.org/ns/project-private/1">
    <editor-bookmarks xmlns="http://www.netbeans.org/ns/editor-bookmarks/2" lastBookmarkId="0"/>
    <open-files xmlns="http://www.netbeans.org/ns/projectui-open-files/2">
        <group>
            <file>file:/C:/Users/Keiko%20Nagano/Desktop/INTROSE-Yellow-Team/Chopsticks%20and%20Spoon%20Iteration%202/Chopsticks%20and%20Spoon%20Iteration%202/web/packaged.jsp</file>
            <file>file:/C:/Users/Keiko%20Nagano/Desktop/INTROSE-Yellow-Team/Chopsticks%20and%20Spoon%20Iteration%202/Chopsticks%20and%20Spoon%20Iteration%202/src/java/Servlet/RestockIngredientServlet.java</file>
            <file>file:/C:/Users/Keiko%20Nagano/Desktop/INTROSE-Yellow-Team/Chopsticks%20and%20Spoon%20Iteration%202/Chopsticks%20and%20Spoon%20Iteration%202/web/logIngredientRestock.jsp</file>
            <file>file:/C:/Users/Keiko%20Nagano/Desktop/INTROSE-Yellow-Team/Chopsticks%20and%20Spoon%20Iteration%202/Chopsticks%20and%20Spoon%20Iteration%202/web/logPackagedDamage.jsp</file>
            <file>file:/C:/Users/Keiko%20Nagano/Desktop/INTROSE-Yellow-Team/Chopsticks%20and%20Spoon%20Iteration%202/Chopsticks%20and%20Spoon%20Iteration%202/web/users.jsp</file>
            <file>file:/C:/Users/Keiko%20Nagano/Desktop/INTROSE-Yellow-Team/Chopsticks%20and%20Spoon%20Iteration%202/Chopsticks%20and%20Spoon%20Iteration%202/src/java/DAOImplementation/PackagedImplementation.java</file>
            <file>file:/C:/Users/Keiko%20Nagano/Desktop/INTROSE-Yellow-Team/Chopsticks%20and%20Spoon%20Iteration%202/Chopsticks%20and%20Spoon%20Iteration%202/web/ingredients.jsp</file>
            <file>file:/C:/Users/Keiko%20Nagano/Desktop/INTROSE-Yellow-Team/Chopsticks%20and%20Spoon%20Iteration%202/Chopsticks%20and%20Spoon%20Iteration%202/src/java/DAOImplementation/IngredientImplementation.java</file>
        </group>
    </open-files>
</project-private>
